{
  "adult": {
    "float64": {
      "ece": 0.058753523080587615,
      "bin_accuracies": [
        0.1232876712328767,
        0.08571428571428572,
        0.11504424778761062,
        0.2608695652173913,
        0.49056603773584906,
        0.5384615384615384,
        0.7192982456140351,
        0.9166666666666666,
        0.8992805755395683,
        0.9547511312217195
      ],
      "bin_confidences": [
        0.0701848262511777,
        0.14953550358003606,
        0.24449055339056758,
        0.34260977049279345,
        0.45411254692742764,
        0.5441516431617679,
        0.646774578068882,
        0.7582894581699863,
        0.8584658469613324,
        0.9375399421460048
      ],
      "bin_uncertainties": [
        0.0,
        0.0,
        0.0,
        0.0,
        0.0,
        0.0,
        0.0,
        0.0,
        0.0,
        0.0
      ],
      "reliable_bins": [
        true,
        true,
        true,
        true,
        true,
        true,
        true,
        true,
        true,
        true
      ]
    },
    "float32": {
      "ece": 0.058753527313470846,
      "bin_accuracies": [
        0.1232876712328767,
        0.08571428571428572,
        0.11504424778761062,
        0.2608695652173913,
        0.49056603773584906,
        0.5384615384615384,
        0.7192982456140351,
        0.9166666666666666,
        0.8992805755395683,
        0.9547511312217195
      ],
      "bin_confidences": [
        0.07018482685089111,
        0.14953550696372986,
        0.24449056386947632,
        0.3426097631454468,
        0.45411252975463867,
        0.5441516637802124,
        0.6467745304107666,
        0.7582895159721375,
        0.858465850353241,
        0.9375399351119995
      ],
      "bin_uncertainties": [
        0.0,
        0.0,
        0.0,
        0.0,
        0.0,
        0.0,
        0.0,
        0.0,
        0.0,
        0.0
      ],
      "reliable_bins": [
        true,
        true,
        true,
        true,
        true,
        true,
        true,
        true,
        true,
        true
      ]
    },
    "float16": {
      "ece": 0.0597728271484375,
      "bin_accuracies": [
        0.1232876712328767,
        0.08571428571428572,
        0.11504424778761062,
        0.2608695652173913,
        0.5,
        0.5283018867924528,
        0.7192982456140351,
        0.9166666666666666,
        0.8992805755395683,
        0.9547511312217195
      ],
      "bin_confidences": [
        0.0701904296875,
        0.1495361328125,
        0.2445068359375,
        0.3427734375,
        0.453369140625,
        0.54345703125,
        0.64697265625,
        0.75830078125,
        0.8583984375,
        0.9375
      ],
      "bin_uncertainties": [
        0.6712328767123288,
        0.5485714285714286,
        0.672566371681416,
        0.5942028985507246,
        0.4423076923076923,
        0.39622641509433965,
        0.3157894736842105,
        0.7291666666666666,
        0.8920863309352518,
        0.497737556561086
      ],
      "reliable_bins": [
        false,
        false,
        false,
        false,
        false,
        false,
        false,
        false,
        false,
        false
      ]
    }
  },
  "compas": {
    "float64": {
      "ece": 0.14028062888051776,
      "bin_accuracies": [
        0.0,
        0.0,
        0.0,
        0.14705882352941177,
        0.30158730158730157,
        0.46,
        0.8363636363636363,
        0.8658536585365854,
        0.8571428571428571,
        1.0
      ],
      "bin_confidences": [
        0.0,
        0.0,
        0.0,
        0.35800022234735435,
        0.4470683996261136,
        0.5517663754286177,
        0.6484971944383766,
        0.7511161220494343,
        0.842188057260074,
        0.9211054946686064
      ],
      "bin_uncertainties": [
        0.0,
        0.0,
        0.0,
        0.0,
        0.0,
        0.0,
        0.0,
        0.0,
        0.0,
        0.0
      ],
      "reliable_bins": [
        true,
        true,
        true,
        true,
        true,
        true,
        true,
        true,
        true,
        true
      ]
    },
    "float32": {
      "ece": 0.1402806405723095,
      "bin_accuracies": [
        0.0,
        0.0,
        0.0,
        0.14705882352941177,
        0.30158730158730157,
        0.46,
        0.8363636363636363,
        0.8658536585365854,
        0.8571428571428571,
        1.0
      ],
      "bin_confidences": [
        0.0,
        0.0,
        0.0,
        0.358000248670578,
        0.447068452835083,
        0.5517663359642029,
        0.6484972238540649,
        0.7511160969734192,
        0.8421880602836609,
        0.9211054444313049
      ],
      "bin_uncertainties": [
        0.0,
        0.0,
        0.0,
        0.0,
        0.0,
        0.0,
        0.0,
        0.0,
        0.0,
        0.0
      ],
      "reliable_bins": [
        true,
        true,
        true,
        true,
        true,
        true,
        true,
        true,
        true,
        true
      ]
    },
    "float16": {
      "ece": 0.1402789306640625,
      "bin_accuracies": [
        0.0,
        0.0,
        0.0,
        0.14705882352941177,
        0.30158730158730157,
        0.46,
        0.8363636363636363,
        0.8658536585365854,
        0.8571428571428571,
        1.0
      ],
      "bin_confidences": [
        0.0,
        0.0,
        0.0,
        0.35791015625,
        0.447021484375,
        0.5517578125,
        0.6484375,
        0.7509765625,
        0.84228515625,
        0.9208984375
      ],
      "bin_uncertainties": [
        0.0,
        0.0,
        5.0,
        0.18627450980392157,
        0.36507936507936506,
        0.4,
        0.4727272727272727,
        0.4634146341463415,
        0.8095238095238095,
        1.8333333333333333
      ],
      "reliable_bins": [
        true,
        true,
        false,
        false,
        false,
        false,
        false,
        false,
        false,
        false
      ]
    }
  },
  "tabular": {
    "float64": {
      "ece": 0.05056276008780974,
      "bin_accuracies": [
        0.09615384615384616,
        0.14634146341463414,
        0.11475409836065574,
        0.35555555555555557,
        0.38461538461538464,
        0.5853658536585366,
        0.7301587301587301,
        0.8225806451612904,
        0.9375,
        0.9560439560439561
      ],
      "bin_confidences": [
        0.0659085270271555,
        0.144694604968526,
        0.2518237134135485,
        0.34588878463426925,
        0.4502437597280485,
        0.5547408637159333,
        0.6480316884646437,
        0.745769321851138,
        0.8532369722511783,
        0.9484688440559274
      ],
      "bin_uncertainties": [
        0.0,
        0.0,
        0.0,
        0.0,
        0.0,
        0.0,
        0.0,
        0.0,
        0.0,
        0.0
      ],
      "reliable_bins": [
        true,
        true,
        true,
        true,
        true,
        true,
        true,
        true,
        true,
        true
      ]
    },
    "float32": {
      "ece": 0.05056277260184289,
      "bin_accuracies": [
        0.09615384615384616,
        0.14634146341463414,
        0.11475409836065574,
        0.35555555555555557,
        0.38461538461538464,
        0.5853658536585366,
        0.7301587301587301,
        0.8225806451612904,
        0.9375,
        0.9560439560439561
      ],
      "bin_confidences": [
        0.0659085363149643,
        0.14469461143016815,
        0.2518237233161926,
        0.34588879346847534,
        0.4502437710762024,
        0.5547409057617188,
        0.6480315923690796,
        0.7457693219184875,
        0.853236973285675,
        0.948468804359436
      ],
      "bin_uncertainties": [
        0.0,
        0.0,
        0.0,
        0.0,
        0.0,
        0.0,
        0.0,
        0.0,
        0.0,
        0.0
      ],