{
  "description": "Analyze calibration reliability under finite precision",
  "models": [
    {
      "dataset": "synthetic_tabular",
      "n_test": 600,
      "precision_results": {
        "float64": {
          "ece": 0.044581102729376584,
          "bin_accuracies": [
            0.038461538461538464,
            0.10526315789473684,
            0.22950819672131148,
            0.35135135135135137,
            0.49295774647887325,
            0.5217391304347826,
            0.6417910447761194,
            0.873015873015873,
            0.9390243902439024,
            0.9
          ],
          "bin_confidences": [
            0.0795503956497498,
            0.15009822043463172,
            0.2532933857268029,
            0.35221545020957107,
            0.45278541000298445,
            0.5479878014065311,
            0.6524655326342067,
            0.7507626594964888,
            0.8450428911463131,
            0.9274297563353695
          ],
          "bin_uncertainties": [
            0.0,
            0.0,
            0.0,
            0.0,
            0.0,
            0.0,
            0.0,
            0.0,
            0.0,
            0.0
          ],
          "reliable_bins": [
            true,
            true,
            true,
            true,
            true,
            true,
            true,
            true,
            true,
            true
          ],
          "n_reliable_bins": 10,
          "machine_epsilon": 2.22e-16
        },
        "float32": {
          "ece": 0.044581112116575235,
          "bin_accuracies": [
            0.038461538461538464,
            0.10526315789473684,
            0.22950819672131148,
            0.35135135135135137,
            0.49295774647887325,
            0.5217391304347826,
            0.6417910447761194,
            0.873015873015873,
            0.9390243902439024,
            0.9
          ],
          "bin_confidences": [
            0.07955039292573929,
            0.15009821951389313,
            0.25329339504241943,
            0.3522154688835144,
            0.4527853727340698,
            0.5479878187179565,
            0.6524654626846313,
            0.7507626414299011,
            0.845042884349823,
            0.9274298548698425
          ],
          "bin_uncertainties": [
            0.0,
            0.0,
            0.0,
            0.0,
            0.0,
            0.0,
            0.0,
            0.0,
            0.0,
            0.0
          ],
          "reliable_bins": [
            true,
            true,
            true,
            true,
            true,
            true,
            true,
            true,
            true,
            true
          ],
          "n_reliable_bins": 10,
          "machine_epsilon": 1.19e-07
        },
        "float16": {
          "ece": 0.044514160156249996,
          "bin_accuracies": [
            0.038461538461538464,
            0.10526315789473684,
            0.22950819672131148,
            0.35135135135135137,
            0.49295774647887325,
            0.5217391304347826,
            0.6417910447761194,
            0.873015873015873,
            0.9390243902439024,
            0.9
          ],
          "bin_confidences": [
            0.07958984375,
            0.150146484375,
            0.25341796875,
            0.352294921875,
            0.452880859375,
            0.5478515625,
            0.65234375,
            0.7509765625,
            0.84521484375,
            0.92724609375
          ],
          "bin_uncertainties": [
            0.5769230769230769,
            0.49122807017543857,
            0.4426229508196721,
            0.33783783783783783,
            0.28169014084507044,
            0.2608695652173913,
            0.373134328358209,
            0.6507936507936508,
            0.524390243902439,
            0.6
          ],
          "reliable_bins": [
            false,
            false,
            false,
            false,
            false,
            false,
            false,
            false,
            false,
            false
          ],
          "n_reliable_bins": 0,
          "machine_epsilon": 0.000488
        }
      }
    },
    {
      "dataset": "synthetic_compas",
      "n_test": 500,
      "precision_results": {
        "float64": {
          "ece": 0.056347219825603555,
          "bin_accuracies": [
            0.05405405405405406,
            0.18518518518518517,
            0.2894736842105263,
            0.21428571428571427,
            0.34210526315789475,
            0.5660377358490566,
            0.6271186440677966,
            0.8105263157894737,
            0.9090909090909091,
            1.0
          ],
          "bin_confidences": [
            0.06875600574439905,
            0.14950171233825796,
            0.24112809124169385,
            0.3489276879600053,
            0.44958572806325836,
            0.5529262109840922,
            0.6574774042076106,
            0.7504635977548079,
            0.8406500683936665,
            0.9212641273565624
          ],
          "bin_uncertainties": [
            0.0,
            0.0,
            0.0,
            0.0,
            0.0,
            0.0,
            0.0,
            0.0,
            0.0,
            0.0
          ],
          "reliable_bins": [
            true,
            true,
            true,
            true,
            true,
            true,
            true,
            true,
            true,
            true
          ],
          "n_reliable_bins": 10,
          "machine_epsilon": 2.22e-16
        },
        "float32": {
          "ece": 0.056347229674458495,
          "bin_accuracies": [
            0.05405405405405406,
            0.18518518518518517,
            0.2894736842105263,
            0.21428571428571427,
            0.34210526315789475,
            0.5660377358490566,
            0.6271186440677966,
            0.8105263157894737,
            0.9090909090909091,
            1.0
          ],
          "bin_confidences": [
            0.06875599175691605,
            0.1495017111301422,
            0.2411280870437622,
            0.34892767667770386,
            0.4495857059955597,
            0.552926242351532,
            0.6574774384498596,
            0.7504635453224182,
            0.8406500220298767,
            0.9212642312049866
          ],
          "bin_uncertainties": [
            0.0,
            0.0,
            0.0,
            0.0,
            0.0,
            0.0,
            0.0,
            0.0,
            0.0,
            0.0
          ],
          "reliable_bins": [
            true,
            true,
            true,
            true,
            true,
            true,
            true,
            true,
            true,
            true
          ],
          "n_reliable_bins": 10,
          "machine_epsilon": 1.19e-07
        },
        "float16": {
          "ece": 0.05637048339843749,
          "bin_accuracies": [
            0.05405405405405406,
            0.18518518518518517,
            0.2894736842105263,
            0.21428571428571427,
            0.34210526315789475,
            0.5660377358490566,
            0.6271186440677966,
            0.8105263157894737,
            0.9090909090909091,
            1.0
          ],
          "bin_confidences": [
            0.06878662109375,
            0.1495361328125,
            0.2410888671875,
            0.348876953125,
            0.44970703125,
            0.552734375,
            0.65771484375,
            0.75048828125,
            0.8408203125,
            0.92138671875
          ],
          "bin_uncertainties": [
            0.43243243243243246,
            0.6111111111111112,
            0.6052631578947368,
            0.2857142857142857,
            0.34210526315789475,
            0.32075471698113206,
            0.5423728813559322,
            0.42105263157894735,
            0.4393939393939394,
            0.6111111111111112
          ],