{
  "description": "Analyze calibration reliability under finite precision",
  "models": [
    {
      "dataset": "synthetic_tabular",
      "n_test": 600,
      "precision_results": {
        "float64": {
          "ece": 0.060597442920088396,
          "bin_accuracies": [
            0.02702702702702703,
            0.08928571428571429,
            0.18604651162790697,
            0.4,
            0.4225352112676056,
            0.6265060240963856,
            0.5897435897435898,
            0.8611111111111112,
            0.9178082191780822,
            0.9259259259259259
          ],
          "bin_confidences": [
            0.058260949445165175,
            0.1464440520476228,
            0.25101422673762963,
            0.3542032848427856,
            0.45347286268098713,
            0.552293085566627,
            0.6510495474269044,
            0.7450375855898941,
            0.8500040618023974,
            0.9253548194372999
          ],
          "bin_uncertainties": [
            0.0,
            0.0,
            0.0,
            0.0,
            0.0,
            0.0,
            0.0,
            0.0,
            0.0,
            0.0
          ],
          "reliable_bins": [
            true,
            true,
            true,
            true,
            true,
            true,
            true,
            true,
            true,
            true
          ],
          "n_reliable_bins": 10,
          "machine_epsilon": 2.22e-16
        },
        "float32": {
          "ece": 0.060597463877250755,
          "bin_accuracies": [
            0.02702702702702703,
            0.08928571428571429,
            0.18604651162790697,
            0.4,
            0.4225352112676056,
            0.6265060240963856,
            0.5897435897435898,
            0.8611111111111112,
            0.9178082191780822,
            0.9259259259259259
          ],
          "bin_confidences": [
            0.058260951191186905,
            0.14644405245780945,
            0.25101423263549805,
            0.35420331358909607,
            0.45347294211387634,
            0.5522930026054382,
            0.6510496139526367,
            0.7450376152992249,
            0.8500040769577026,
            0.9253548383712769
          ],
          "bin_uncertainties": [
            0.0,
            0.0,
            0.0,
            0.0,
            0.0,
            0.0,
            0.0,
            0.0,
            0.0,
            0.0
          ],
          "reliable_bins": [
            true,
            true,
            true,
            true,
            true,
            true,
            true,
            true,
            true,
            true
          ],
          "n_reliable_bins": 10,
          "machine_epsilon": 1.19e-07
        },
        "float16": {
          "ece": 0.06054962158203126,
          "bin_accuracies": [
            0.02702702702702703,
            0.08928571428571429,
            0.18604651162790697,
            0.4,
            0.4225352112676056,
            0.6265060240963856,
            0.5897435897435898,
            0.8611111111111112,
            0.9178082191780822,
            0.9259259259259259
          ],
          "bin_confidences": [
            0.05828857421875,
            0.146484375,
            0.2509765625,
            0.354248046875,
            0.453369140625,
            0.55224609375,
            0.65087890625,
            0.7451171875,
            0.85009765625,
            0.92529296875
          ],
          "bin_uncertainties": [
            0.4594594594594595,
            0.4107142857142857,
            0.32558139534883723,
            0.3,
            0.38028169014084506,
            0.3132530120481928,
            0.3717948717948718,
            0.4444444444444444,
            0.4931506849315068,
            0.8148148148148148
          ],
          "reliable_bins": [
            false,
            false,
            false,
            false,
            false,
            false,
            false,
            false,
            false,
            false
          ],
          "n_reliable_bins": 0,
          "machine_epsilon": 0.000488
        }
      }
    },
    {
      "dataset": "synthetic_compas",
      "n_test": 500,
      "precision_results": {
        "float64": {
          "ece": 0.04763924436152978,
          "bin_accuracies": [
            0.03571428571428571,
            0.171875,
            0.2127659574468085,
            0.32608695652173914,
            0.4166666666666667,
            0.46153846153846156,
            0.6440677966101694,
            0.8152173913043478,
            0.9295774647887324,
            1.0
          ],
          "bin_confidences": [
            0.07199668707864083,
            0.14957963152022952,
            0.2519363280124743,
            0.35540389993077304,
            0.45071974482112726,
            0.5599625140994643,
            0.6495334756003603,
            0.7535813688163242,
            0.8464369249823751,
            0.93184398736415
          ],
          "bin_uncertainties": [
            0.0,
            0.0,
            0.0,
            0.0,
            0.0,
            0.0,
            0.0,
            0.0,
            0.0,
            0.0
          ],
          "reliable_bins": [
            true,
            true,
            true,
            true,
            true,
            true,
            true,
            true,
            true,
            true
          ],
          "n_reliable_bins": 10,
          "machine_epsilon": 2.22e-16
        },
        "float32": {
          "ece": 0.047639238238334644,
          "bin_accuracies": [
            0.03571428571428571,
            0.171875,
            0.2127659574468085,
            0.32608695652173914,
            0.4166666666666667,
            0.46153846153846156,
            0.6440677966101694,
            0.8152173913043478,
            0.9295774647887324,
            1.0
          ],
          "bin_confidences": [
            0.07199668884277344,
            0.14957961440086365,
            0.25193631649017334,
            0.3554039001464844,
            0.4507197141647339,
            0.5599625110626221,
            0.6495333909988403,
            0.7535813450813293,
            0.8464369177818298,
            0.9318439960479736
          ],
          "bin_uncertainties": [
            0.0,
            0.0,
            0.0,
            0.0,
            0.0,
            0.0,
            0.0,
            0.0,
            0.0,
            0.0
          ],
          "reliable_bins": [
            true,
            true,
            true,
            true,
            true,
            true,
            true,
            true,
            true,
            true
          ],
          "n_reliable_bins": 10,
          "machine_epsilon": 1.19e-07
        },
        "float16": {
          "ece": 0.04956982421875001,
          "bin_accuracies": [
            0.03571428571428571,
            0.171875,
            0.2127659574468085,
            0.32608695652173914,
            0.4166666666666667,
            0.43243243243243246,
            0.6557377049180327,
            0.8172043010752689,
            0.9285714285714286,
            1.0
          ],
          "bin_confidences": [
            0.07196044921875,
            0.1495361328125,
            0.251953125,
            0.35546875,
            0.45068359375,
            0.5576171875,
            0.64794921875,
            0.75390625,
            0.84716796875,
            0.931640625
          ],
          "bin_uncertainties": [
            0.5357142857142857,
            0.5,
            0.5319148936170213,
            0.32608695652173914,
            0.3611111111111111,
            0.4864864864864865,
            0.4098360655737705,
            0.3870967741935484,
            0.4857142857142857,
            0.6111111111111112
          ],