{
  "description": "Map stability of fairness metrics across threshold choices",
  "models": [
    {
      "model_name": "well_separated",
      "hidden_dims": [
        56,
        28
      ],
      "thresholds": [
        0.1,
        0.12000000000000001,
        0.14,
        0.16,
        0.18,
        0.2,
        0.22,
        0.24000000000000002,
        0.26,
        0.28,
        0.30000000000000004,
        0.32,
        0.33999999999999997,
        0.36,
        0.38,
        0.4,
        0.42000000000000004,
        0.44000000000000006,
        0.45999999999999996,
        0.48,
        0.5,
        0.52,
        0.54,
        0.56,
        0.58,
        0.6,
        0.62,
        0.64,
        0.66,
        0.6799999999999999,
        0.7,
        0.72,
        0.74,
        0.76,
        0.78,
        0.8,
        0.82,
        0.84,
        0.86,
        0.88,
        0.9
      ],
      "dpg_values": [
        0.0068792995622263264,
        0.002626641651031991,
        0.02814258911819878,
        0.008630393996247654,
        0.019387116948092586,
        0.01525953721075679,
        0.011382113821138184,
        0.0018761726078798668,
        0.01776110068792991,
        0.014383989993746016,
        0.015634771732332742,
        0.0068792995622264375,
        0.007004377736085088,
        0.000625390869293363,
        0.01038148843026887,
        0.013258286429018051,
        0.012257661038148848,
        0.016385240775484644,
        0.02026266416510325,
        0.014133833646028826,
        0.0128830519074421,
        0.016760475297060595,
        0.005503439649781061,
        0.0006253908692933074,
        0.0032520325203251876,
        0.009005628517823605,
        0.005628517823639767,
        0.0028767979987492365,
        0.0037523452157598447,
        0.005253283302063816,
        0.0016260162601626216,
        0.008005003126954346,
        0.019762351469668538,
        0.02151344590368981,
        0.03739837398373985,
        0.028642901813633506,
        0.004752970606629145,
        0.009380863039399626,
        0.014008755472170106,
        0.018636647904940587,
        0.01250781738586617
      ],
      "error_bounds": [
        0.0,
        0.0,
        0.0,
        0.0,
        0.0,
        0.0,
        0.0,
        0.0,
        0.0,
        0.0,
        0.0,
        0.0,
        0.0,
        0.0,
        0.0,
        0.0,
        0.0,
        0.0,
        0.0,
        0.0,
        0.0,
        0.0,
        0.0,
        0.0,
        0.0,
        0.0,
        0.0,
        0.005128205128205128,
        0.0,
        0.0,
        0.0,
        0.0,
        0.0,
        0.0,
        0.0,
        0.0,
        0.0,
        0.0,
        0.0,
        0.0,
        0.0
      ],
      "reliability_scores": [
        Infinity,
        Infinity,
        Infinity,
        Infinity,
        Infinity,
        Infinity,
        Infinity,
        Infinity,
        Infinity,
        Infinity,
        Infinity,
        Infinity,
        Infinity,
        Infinity,
        Infinity,
        Infinity,
        Infinity,
        Infinity,
        Infinity,
        Infinity,
        Infinity,
        Infinity,
        Infinity,
        Infinity,
        Infinity,
        Infinity,
        Infinity,
        0.5609756097561012,
        Infinity,
        Infinity,
        Infinity,
        Infinity,
        Infinity,
        Infinity,
        Infinity,
        Infinity,
        Infinity,
        Infinity,
        Infinity,
        Infinity,
        Infinity
      ],
      "is_reliable": [
        true,
        true,
        true,
        true,
        true,
        true,
        true,
        true,
        true,
        true,
        true,
        true,
        true,
        true,
        true,
        true,
        true,
        true,
        true,
        true,
        true,
        true,
        true,
        true,
        true,
        true,
        true,
        false,
        true,
        true,
        true,
        true,
        true,
        true,
        true,
        true,
        true,
        true,
        true,
        true,
        true
      ],
      "stable_regions": [
        false,
        true,
        true,
        true,
        true,
        true,
        true,
        true,
        true,
        true,
        true,
        true,
        true,
        true,
        true,
        true,
        true,
        true,
        true,
        true,
        true,
        true,
        true,
        true,
        true,
        true,
        true,
        true,
        true,
        true,
        true,
        true,
        true,
        true,
        true,
        true,
        true,
        true,
        true,
        true,
        false
      ],
      "stable_threshold_ranges": [
        [
          0.15000000000000002,
          0.85
        ]
      ],
      "n_stable_regions": 1,
      "fraction_stable": 0.9512195121951219
    },
    {
      "model_name": "borderline",
      "hidden_dims": [
        64,
        32,
        16
      ],
      "thresholds": [
        0.1,
        0.12000000000000001,
        0.14,
        0.16,
        0.18,
        0.2,
        0.22,
        0.24000000000000002,
        0.26,
        0.28,
        0.30000000000000004,
        0.32,
        0.33999999999999997,
        0.36,
        0.38,
        0.4,
        0.42000000000000004,
        0.44000000000000006,
        0.45999999999999996,
        0.48,
        0.5,
        0.52,
        0.54,
        0.56,
        0.58,
        0.6,
        0.62,
        0.64,
        0.66,
        0.6799999999999999,
        0.7,
        0.72,
        0.74,
        0.76,
        0.78,
        0.8,
        0.82,
        0.84,
        0.86,
        0.88,
        0.9
      ],
      "dpg_values": [
        0.01841228487687563,
        0.018136726871915698,
        0.05045216563541166,
        0.06407976151707206,
        0.03897893233798444,
        0.03780154813497327,
        0.03527142463488564,
        0.027505699040557108,
        0.025426488639494926,
        0.016308023748089928,
        0.017660763045166505,
        0.0037576091585460603,
        0.005561261554648089,
        0.01312658132718747,
        0.006989153034895668,
        0.010421102733034426,
        0.013853052431173074,
        0.01295122623312206,
        0.01638317593126082,
        0.029835416718855645,
        0.018462386332323,
        0.017109647035246367,
        0.0066384428467646805,
        0.011423131841980017,
        0.025777198827625913,
        0.020090683634359563,
        0.003932964252611526,
        0.007440066133921175,
        0.0012274856584583715,
        0.006012174653673652,
        0.0051103484556226375,
        0.013326987148976677,
        0.022445452040381786,
        0.021543625842330716,
        0.02497557554046942,
        0.01793632105012649,
        0.02485032190185127,
        0.04669455647686563,
        0.009318870713194233,
        0.015907212104511653,
        0.004258623713018883
      ],
      "error_bounds": [
        0.0,
        0.0,
        0.0,
        0.0,
        0.0,
        0.0,
        0.0,
        0.0,
        0.0,
        0.0,
        0.0,
        0.0,
        0.0,
        0.0,
        0.0,
        0.0,
        0.0,
        0.0,
        0.0,
        0.0,
        0.0,
        0.0,
        0.0,
        0.0,
        0.0,
        0.0,
        0.0,
        0.0,
        0.0,
        0.0,
        0.0,
        0.0,
        0.0,
        0.0,
        0.0,
        0.0,
        0.0,
        0.0,
        0.0,
        0.0,
        0.0
      ],