{
  "constant_lr": {
    "accuracy": [
      94.52,
      96.15,
      96.79,
      97.25,
      97.46,
      97.39,
      97.46,
      97.8,
      97.84,
      97.88
    ],
    "loss": [
      0.43597729939387553,
      0.15692959325527078,
      0.10861036969400419,
      0.08237843567342647,
      0.06440167361572544,
      0.05267467582796905,
      0.04357291051824051,
      0.036069268688881224,
      0.030704893339584188,
      0.02357434873769024
    ],
    "time": 5.81356406211853
  },
  "homotopy_lr": {
    "accuracy": [
      94.01,
      96.24,
      96.9,
      97.14,
      97.58,
      97.71,
      97.26,
      97.7,
      97.74,
      97.79
    ],
    "loss": [
      0.585710967082713,
      0.16655636428674656,
      0.11340354205464631,
      0.08392273144983152,
      0.0662680268486235,
      0.05389186155809554,
      0.044880900200881334,
      0.037304493787287396,
      0.030919311789553493,
      0.025259627676161845
    ],
    "lr": [
      0.01,
      0.01,
      0.01,
      0.01,
      0.01,
      0.01,
      0.01,
      0.01,
      0.01,
      0.01
    ],
    "kappa": [
      0.0,
      0.0,
      0.0,
      0.0,
      0.0,
      0.0,
      0.0,
      0.0,
      0.0,
      0.0
    ],
    "time": 18.89084506034851
  },
  "improvement": {
    "accuracy_delta": -0.0899999999999892,
    "time_overhead_pct": 224.94430023472498
  }
}