{
  "baseline": {
    "accuracy": [
      94.05,
      96.11,
      96.87,
      97.13,
      97.41
    ],
    "loss": [
      0.43791962621499225,
      0.1565652162329093,
      0.10864927361546549,
      0.08320839604192069,
      0.06540487383081238
    ],
    "time": 2.8914620876312256
  },
  "homotopy": {
    "accuracy": [
      93.08,
      95.25,
      96.28,
      96.95,
      97.05
    ],
    "loss": [
      0.6038219839938159,
      0.19458244820393478,
      0.13855231428610237,
      0.1076459741906952,
      0.08737302330463553
    ],
    "lr": [
      0.00642432371440914,
      0.0076208289650501445,
      0.0070682673871376046,
      0.006702424189191827,
      0.006067062892018589
    ],
    "kappa": [
      0.2350542054778937,
      0.2527513130796766,
      0.27936667939760956,
      0.28036244426241197,
      0.314120590676526
    ],
    "time": 3.19706392288208
  }
}