{
  "gammas": [
    0.5,
    0.5257894736842105,
    0.5515789473684211,
    0.5773684210526315,
    0.6031578947368421,
    0.6289473684210526,
    0.6547368421052632,
    0.6805263157894736,
    0.7063157894736842,
    0.7321052631578947,
    0.7578947368421052,
    0.7836842105263158,
    0.8094736842105263,
    0.8352631578947368,
    0.8610526315789473,
    0.8868421052631579,
    0.9126315789473685,
    0.9384210526315789,
    0.9642105263157894,
    0.99
  ],
  "theoretical_min_bits": [
    19.3321064989079,
    19.482650619605057,
    19.64173774116836,
    19.810380850378277,
    19.989784444925778,
    20.181396073998048,
    20.386976476245255,
    20.60869699837837,
    20.849278109776716,
    21.11219174955191,
    21.401966422337104,
    21.724664802116198,
    22.0886659917198,
    22.50602020794698,
    22.99496612685137,
    23.585061446230075,
    24.329057366838697,
    25.336092166913478,
    26.899577580635736,
    30.576326161840427
  ],
  "observed_min_bits": [
    10,
    32,
    12,
    10,
    32,
    32,
    32,
    32,
    12,
    12,
    10,
    32,
    10,
    10,
    10,
    10,
    12,
    8,
    10,
    10
  ],
  "V_max_values": [
    20.0,
    21.08768035516093,
    22.300469483568076,
    23.6612702366127,
    25.19893899204244,
    26.950354609929075,
    28.963414634146343,
    31.301482701812187,
    34.05017921146953,
    37.32809430255402,
    41.30434782608694,
    46.2287104622871,
    52.486187845303874,
    60.70287539936101,
    71.96969696969693,
    88.3720930232558,
    114.45783132530126,
    162.39316239316236,
    279.4117647058818,
    999.9999999999991
  ],
  "Delta_T_values": [
    0.634765625,
    8.163520948471424e-05,
    0.1766638240903756,
    0.7491803198941469,
    9.73184165651033e-05,
    0.00010399953693362837,
    0.00011167875150354898,
    0.000120597773368119,
    0.26845843133960573,
    0.2940671429887033,
    1.3005264945652169,
    0.00017754062828936423,
    1.649958995165746,
    1.9067304812300316,
    2.258818655303029,
    2.7713935319767438,
    0.8966432134789161,
    20.338207799145295,
    8.741383272058806,
    31.25976562499997
  ]
}