{
  "description": "Map stability of fairness metrics across threshold choices",
  "models": [
    {
      "model_name": "well_separated",
      "hidden_dims": [
        56,
        28
      ],
      "thresholds": [
        0.1,
        0.12000000000000001,
        0.14,
        0.16,
        0.18,
        0.2,
        0.22,
        0.24000000000000002,
        0.26,
        0.28,
        0.30000000000000004,
        0.32,
        0.33999999999999997,
        0.36,
        0.38,
        0.4,
        0.42000000000000004,
        0.44000000000000006,
        0.45999999999999996,
        0.48,
        0.5,
        0.52,
        0.54,
        0.56,
        0.58,
        0.6,
        0.62,
        0.64,
        0.66,
        0.6799999999999999,
        0.7,
        0.72,
        0.74,
        0.76,
        0.78,
        0.8,
        0.82,
        0.84,
        0.86,
        0.88,
        0.9
      ],
      "dpg_values": [
        0.01687879772948908,
        0.0023755344952614,
        0.0164036908304368,
        0.00927708734465249,
        0.00012502813132952983,
        0.015103398264609491,
        0.030631892175739583,
        0.051086494461253795,
        0.047060588632442335,
        0.022880148033307512,
        0.023780350578880283,
        0.029606661498837283,
        0.034982871146007954,
        0.030506864044409943,
        0.020954714810832442,
        0.03170713410517367,
        0.03185716786276915,
        0.027381160761171253,
        0.037833512540321634,
        0.053362006451451505,
        0.048885999349853715,
        0.04948613438023558,
        0.044860093521042255,
        0.0551624115425971,
        0.05083643819859468,
        0.051286539471381065,
        0.041884423995398934,
        0.06248906003850868,
        0.013528043809857226,
        0.014428246355429997,
        0.025180665649771172,
        0.021304793578555192,
        0.007276637243379791,
        0.002800630141781918,
        0.031232027206121393,
        0.005251181515841058,
        0.029431622114975853,
        0.013603060688654939,
        0.007926783526293418,
        0.017628966517466427,
        0.02688104823585307
      ],
      "error_bounds": [
        0.0,
        0.0,
        0.0,
        0.0,
        0.0,
        0.0,
        0.0,
        0.0,
        0.0,
        0.0,
        0.0,
        0.0,
        0.0,
        0.0,
        0.0,
        0.0,
        0.0,
        0.0,
        0.0,
        0.0,
        0.0,
        0.0,
        0.0,
        0.0,
        0.0,
        0.0,
        0.0,
        0.0,
        0.0,
        0.0,
        0.0,
        0.0,
        0.0,
        0.0,
        0.0,
        0.0,
        0.0,
        0.0,
        0.0,
        0.0,
        0.0
      ],
      "reliability_scores": [
        Infinity,
        Infinity,
        Infinity,
        Infinity,
        Infinity,
        Infinity,
        Infinity,
        Infinity,
        Infinity,
        Infinity,
        Infinity,
        Infinity,
        Infinity,
        Infinity,
        Infinity,
        Infinity,
        Infinity,
        Infinity,
        Infinity,
        Infinity,
        Infinity,
        Infinity,
        Infinity,
        Infinity,
        Infinity,
        Infinity,
        Infinity,
        Infinity,
        Infinity,
        Infinity,
        Infinity,
        Infinity,
        Infinity,
        Infinity,
        Infinity,
        Infinity,
        Infinity,
        Infinity,
        Infinity,
        Infinity,
        Infinity
      ],
      "is_reliable": [
        true,
        true,
        true,
        true,
        true,
        true,
        true,
        true,
        true,
        true,
        true,
        true,
        true,
        true,
        true,
        true,
        true,
        true,
        true,
        true,
        true,
        true,
        true,
        true,
        true,
        true,
        true,
        true,
        true,
        true,
        true,
        true,
        true,
        true,
        true,
        true,
        true,
        true,
        true,
        true,
        true
      ],
      "stable_regions": [
        false,
        true,
        true,
        true,
        true,
        true,
        true,
        true,
        true,
        true,
        true,
        true,
        true,
        true,
        true,
        true,
        true,
        true,
        true,
        true,
        true,
        true,
        true,
        true,
        true,
        true,
        true,
        true,
        true,
        true,
        true,
        true,
        true,
        true,
        true,
        true,
        true,
        true,
        true,
        true,
        false
      ],
      "stable_threshold_ranges": [
        [
          0.15000000000000002,
          0.85
        ]
      ],
      "n_stable_regions": 1,
      "fraction_stable": 0.9512195121951219
    },
    {
      "model_name": "borderline",
      "hidden_dims": [
        64,
        32,
        16
      ],
      "thresholds": [
        0.1,
        0.12000000000000001,
        0.14,
        0.16,
        0.18,
        0.2,
        0.22,
        0.24000000000000002,
        0.26,
        0.28,
        0.30000000000000004,
        0.32,
        0.33999999999999997,
        0.36,
        0.38,
        0.4,
        0.42000000000000004,
        0.44000000000000006,
        0.45999999999999996,
        0.48,
        0.5,
        0.52,
        0.54,
        0.56,
        0.58,
        0.6,
        0.62,
        0.64,
        0.66,
        0.6799999999999999,
        0.7,
        0.72,
        0.74,
        0.76,
        0.78,
        0.8,
        0.82,
        0.84,
        0.86,
        0.88,
        0.9
      ],
      "dpg_values": [
        0.025000000000000022,
        0.019999999999999907,
        0.020000000000000018,
        0.030000000000000027,
        0.015000000000000013,
        0.010000000000000009,
        0.0050000000000000044,
        0.0050000000000000044,
        0.010000000000000009,
        0.030000000000000027,
        0.0050000000000000044,
        0.010000000000000009,
        0.010000000000000009,
        0.0050000000000000044,
        0.015000000000000013,
        0.03500000000000003,
        0.030000000000000027,
        0.04500000000000004,
        0.03499999999999992,
        0.029999999999999916,
        0.040000000000000036,
        0.03500000000000003,
        0.030000000000000027,
        0.034999999999999976,
        0.02999999999999997,
        0.05500000000000005,
        0.05499999999999999,
        0.06,
        0.050000000000000044,
        0.06,
        0.04999999999999999,
        0.08000000000000002,
        0.06,
        0.07,
        0.07,
        0.07999999999999999,
        0.095,
        0.08500000000000002,
        0.065,
        0.06,
        0.04000000000000001
      ],
      "error_bounds": [
        0.0,
        0.0,
        0.0,
        0.0,
        0.0,
        0.0,
        0.0,
        0.0,
        0.0,
        0.0,
        0.0,
        0.0,
        0.0,
        0.0,
        0.0,
        0.0,
        0.0,
        0.0,
        0.0,
        0.0,
        0.0,
        0.0,
        0.0,
        0.0,
        0.0,
        0.0,
        0.0,
        0.0,
        0.0,
        0.0,
        0.0,
        0.0,
        0.0,
        0.0,
        0.0,
        0.0,
        0.0,
        0.0,
        0.0,
        0.0,
        0.0
      ],