{
  "adult": {
    "thresholds": [
      0.1,
      0.125,
      0.15000000000000002,
      0.17500000000000002,
      0.2,
      0.225,
      0.25,
      0.275,
      0.30000000000000004,
      0.325,
      0.35,
      0.375,
      0.4,
      0.42500000000000004,
      0.45000000000000007,
      0.475,
      0.5,
      0.525,
      0.55,
      0.5750000000000001,
      0.6,
      0.625,
      0.65,
      0.675,
      0.7000000000000001,
      0.725,
      0.75,
      0.775,
      0.8,
      0.8250000000000001,
      0.85,
      0.875,
      0.9
    ],
    "dpg_values": [
      0.025518698770491843,
      0.021292264344262346,
      0.02974513319672134,
      0.008228739754098324,
      0.004098360655737654,
      0.00563524590163933,
      0.0030737704918032405,
      0.0002241290983606703,
      0.007332223360655754,
      0.006339651639344246,
      0.0013447745901639108,
      0.0018890881147540783,
      0.011366547131147486,
      0.01479252049180324,
      0.026319159836065587,
      0.03755763319672134,
      0.030833760245901676,
      0.022252817622950838,
      0.015240778688524581,
      0.014952612704918045,
      0.028336321721311453,
      0.027663934426229497,
      0.022701075819672123,
      0.022316854508196704,
      0.02359759221311475,
      0.02731173155737704,
      0.026639344262295084,
      0.030065317622950838,
      0.03730148565573771,
      0.022188780737704916,
      0.018794825819672123,
      0.010950307377049162,
      0.015400870901639357
    ],
    "error_bounds": [
      0.0,
      0.0,
      0.0,
      0.0,
      0.0,
      0.0,
      0.0,
      0.0,
      0.0,
      0.0,
      0.0,
      0.0,
      0.0,
      0.0,
      0.0,
      0.0,
      0.0,
      0.0,
      0.0,
      0.0,
      0.0,
      0.0,
      0.0,
      0.0,
      0.0,
      0.0,
      0.0,
      0.0,
      0.0,
      0.0,
      0.0,
      0.0,
      0.0
    ],
    "reliability_scores": [
      Infinity,
      Infinity,
      Infinity,
      Infinity,
      Infinity,
      Infinity,
      Infinity,
      Infinity,
      Infinity,
      Infinity,
      Infinity,
      Infinity,
      Infinity,
      Infinity,
      Infinity,
      Infinity,
      Infinity,
      Infinity,
      Infinity,
      Infinity,
      Infinity,
      Infinity,
      Infinity,
      Infinity,
      Infinity,
      Infinity,
      Infinity,
      Infinity,
      Infinity,
      Infinity,
      Infinity,
      Infinity,
      Infinity
    ],
    "is_reliable": [
      true,
      true,
      true,
      true,
      true,
      true,
      true,
      true,
      true,
      true,
      true,
      true,
      true,
      true,
      true,
      true,
      true,
      true,
      true,
      true,
      true,
      true,
      true,
      true,
      true,
      true,
      true,
      true,
      true,
      true,
      true,
      true,
      true
    ],
    "stable_regions": [
      false,
      true,
      true,
      true,
      true,
      true,
      true,
      true,
      true,
      true,
      true,
      true,
      true,
      true,
      true,
      true,
      true,
      true,
      true,
      true,
      true,
      true,
      true,
      true,
      true,
      true,
      true,
      true,
      true,
      true,
      true,
      true,
      false
    ],
    "stable_region_intervals": [
      [
        0.15000000000000002,
        0.85
      ]
    ]
  },
  "compas": {
    "thresholds": [
      0.1,
      0.125,
      0.15000000000000002,
      0.17500000000000002,
      0.2,
      0.225,
      0.25,
      0.275,
      0.30000000000000004,
      0.325,
      0.35,
      0.375,
      0.4,
      0.42500000000000004,
      0.45000000000000007,
      0.475,
      0.5,
      0.525,
      0.55,
      0.5750000000000001,
      0.6,
      0.625,
      0.65,
      0.675,
      0.7000000000000001,
      0.725,
      0.75,
      0.775,
      0.8,
      0.8250000000000001,
      0.85,
      0.875,
      0.9
    ],
    "dpg_values": [
      0.0,
      0.0,
      0.0,
      0.0,
      0.0,
      0.0,
      0.0,
      0.0,
      0.0,
      0.026009791921664638,
      0.0023459812321501294,
      0.02233782129742956,
      0.029171766625867068,
      0.0017339861281110425,
      0.03733170134638919,
      0.0371277029783762,
      0.010709914320685354,
      0.006221950224398198,
      0.000203998368013103,
      0.011729906160750703,
      0.005609955120359056,
      0.005405956752346008,
      0.02702978376172993,
      0.04436964504283969,
      0.039779681762545926,
      0.0424316605467156,
      0.046511627906976744,
      0.04763361893104853,
      0.04732762137902896,
      0.052937576499387996,
      0.035291717666258667,
      0.020603835169318643,
      0.016115871073031415
    ],
    "error_bounds": [
      0.0,
      0.0,
      0.0,
      0.0,
      0.0,
      0.0,
      0.0,
      0.0,
      0.0,
      0.0,
      0.0,
      0.0,
      0.0,
      0.0,
      0.0,
      0.0,
      0.0,
      0.0,
      0.0,
      0.0,
      0.0,
      0.0,
      0.0,
      0.0,
      0.0,
      0.0,
      0.0,
      0.0,
      0.0,
      0.0,
      0.0,
      0.0,
      0.0
    ],
    "reliability_scores": [
      Infinity,
      Infinity,
      Infinity,
      Infinity,
      Infinity,
      Infinity,
      Infinity,
      Infinity,
      Infinity,
      Infinity,
      Infinity,
      Infinity,
      Infinity,
      Infinity,
      Infinity,
      Infinity,
      Infinity,
      Infinity,
      Infinity,
      Infinity,
      Infinity,
      Infinity,
      Infinity,
      Infinity,
      Infinity,
      Infinity,
      Infinity,
      Infinity,
      Infinity,
      Infinity,
      Infinity,
      Infinity,
      Infinity
    ],
    "is_reliable": [
      true,
      true,
      true,
      true,
      true,
      true,
      true,
      true,
      true,
      true,
      true,
      true,
      true,
      true,
      true,
      true,
      true,
      true,
      true,
      true,
      true,
      true,
      true,
      true,
      true,
      true,
      true,
      true,
      true,
      true,
      true,
      true,
      true
    ],
    "stable_regions": [
      false,
      true,
      true,
      true,
      true,
      true,
      true,
      true,
      true,
      true,
      true,
      true,
      true,
      true,
      true,
      true,
      true,
      true,
      true,
      true,
      true,
      true,
      true,
      true,
      true,
      true,
      true,
      true,
      true,
      true,
      true,
      true,
      false
    ],
    "stable_region_intervals": [
      [
        0.15000000000000002,
        0.85
      ]
    ]
  },
  "tabular": {
    "thresholds": [
      0.1,
      0.125,
      0.15000000000000002,
      0.17500000000000002,
      0.2,
      0.225,
      0.25,
      0.275,
      0.30000000000000004,
      0.325,
      0.35,
      0.375,
      0.4,
      0.42500000000000004,
      0.45000000000000007,
      0.475,
      0.5,
      0.525,
      0.55,
      0.5750000000000001,
      0.6,
      0.625,
      0.65,
      0.675,
      0.7000000000000001,
      0.725,
      0.75,
      0.775,
      0.8,
      0.8250000000000001,
      0.85,
      0.875,
      0.9
    ],